rzd.ru,РЖД
gosuslugi.ru,Госуслуги
esia.gosuslugi.ru,Госуслуги
nalog.ru,Госуслуги
mos.ru,Госуслуги
login.mos.ru,Госуслуги
school.mos.ru,Госуслуги
dnevnik.mos.ru,Госуслуги
evp.mos.ru,Госуслуги
pay.mos.ru,Госуслуги
mosenergosbyt.ru,ЖКХ
my.mosenergosbyt.ru,ЖКХ
pay.vbrr.ru,ЖКХ,оплата ЖКХ
e.mail.ru
ivi.ru,Стриминг
hd.kinopoisk.ru,Стриминг
decathlon.ru,Магазины
leroymerlin.ru,Магазины
cian.ru
dpd.ru
gorod.mos.ru,Госуслуги
privetmir.ru,НСПК МИР
api-user.privetmir.ru,НСПК МИР
pochtabank.ru,Банки
my.pochtabank.ru,Банки
mobile.open.ru,Банки
banki.ru,Банки
bank.bcs.ru,Банки